{
  "n_reference_images": 6,
  "features": {
    "balance_BAL_M_8axis": {
      "mean": 12.962875527293404,
      "std": 4.702101809987258
    },
    "DCM_distance": {
      "mean": 13.513745451859196,
      "std": 7.932050905184826
    },
    "mirror_symmetry": {
      "mean": 16.70974100233904,
      "std": 20.977921329835123
    },
    "homogeneity": {
      "mean": 82.00612885735609,
      "std": 10.522818605198887
    },
    "CNN_symmetry_left_right": {
      "mean": 0.5017689165319954,
      "std": 0.06528421280457929
    },
    "CNN_symmetry_up_down": {
      "mean": 0.37213134951845595,
      "std": 0.07575633565259712
    },
    "CNN_symmetry_lr_and_ud": {
      "mean": 0.34730323748670006,
      "std": 0.05941446160682977
    },
    "selfsimilarity_PHOG": {
      "mean": 0.454388444803578,
      "std": 0.13298935409164017
    },
    "CNN_selfsimilarity": {
      "mean": 0.5718326212834833,
      "std": 0.17543994468103466
    },
    "complexity_PHOG": {
      "mean": 5.379753203062787,
      "std": 5.370335125265165
    },
    "edge_density": {
      "mean": 61.74522621879384,
      "std": 48.286399839342415
    },
    "EOE_1st_order": {
      "mean": 4.406808121636521,
      "std": 0.08902791899852043
    },
    "EOE_2nd_order": {
      "mean": 4.278593787530331,
      "std": 0.14599588801747515
    },
    "luminance_entropy": {
      "mean": 5.604971067115343,
      "std": 1.918980737005348
    },
    "color_entropy_HSV_H": {
      "mean": 4.551735735116673,
      "std": 1.482521987129168
    },
    "RMS_contrast": {
      "mean": 17.095909593242684,
      "std": 7.665156992654248
    }
  }
}